INSERT INTO tabla_prueba VALUES 
("Ivan", "Miguel", "1"),
("Javi", "Jimenez", "22"),
("Jose", "Varios", "77"),
("Juan", "Obi", "358");

INSERT INTO Users VALUES
("1", "Ivan", "Ivan@funcionaporfi.com"),
("2", "Javi", "Javi@funcionaporfi.com"),
("3", "Jose", "Jose@funcionaporfi.com");

INSERT INTO Users VALUES
("4", "Yoli", "Yoli@masusuarios.com"),
("5", "Juan", "Juan@gmail.com");

INSERT INTO Users VALUES
("6", "Roberto", "Roberto@acustica.com"),
("7", "Gregorio", "Gregorio@ptavi.com");

INSERT INTO ListaCompra VALUES
("Tomates", "7", "1.20", "Baja", "Ivan"),
("Pan", "2", "0.5", "Alta", "Javi"),
("Manga", "3", "7.95", "Urgente", "Ivan"),
("Comic", "1", "13.95", "Urgente", "Ivan"),
("Cola", "25", "1.25", "Media", "Jose");

INSERT INTO prueba_s3 VALUES
("Cola", "25", "1.25", "Media", "Jose"),
("Comic", "1", "13.95", "Urgente", "Ivan"),
("Manga", "3", "7.95", "Urgente", "Ivan"),
("Pan", "2", "0.5", "Alta", "Javi"),
("Tomates", "7", "1.2", "Baja", "Ivan");

INSERT INTO Videogames VALUES
("FIFA 21", "EA Sports", "69.95", "Multi", "2021", "5.5"),
("Ratchet & Clank", "Insomniac Games", "79.95", "PS5", "2021", "9.5"),
("Pokemon Opalo", "EricLostie Games", "0.0", "PC/Android", "2022", "10.0"),
("Call of Duty: BO II", "Treyarch", "69.95", "Multi", "2012", "7.5"),
("Spider-Man", "Insomniac Games", "69.95", "PS4/PS5", "2020", "8.33"),
("The Last of Us", "Naughty Dog", "59.95", "PS3/PS4", "2013", "10.0"),
("Bloodborne", "Fromsoftware", "69.95", "PS4", "2015", "6.5"),
("Halo Infinite", "343 Industries", "69.95", "Xbox Series/One/PC", "2021", "9.1"),
("DBZ: BT3", "Spike Chunsoft", "39.95", "Multi", "2007", "10.0");

INSERT INTO Videogames VALUES
("Other mas", "Other developer mas", "19.95", "Wii", "2053", "2.5");

INSERT INTO sincant VALUES
("1", "IvanMM", "ivan@gmail.com"),
("2", "JaviJR", "javi@gmail.com"),
("3", "JoseLuMM", "jose@gmail.com");